PKEY,ID,BIKE_ID,FAC_NAME,LONGITUDE,LATITUDE
27864,54992,30200,9th St & Pennsylvania Ave NW,-77.023979,38.89428
27869,62850,30201,9th & G St NW,-77.023924,38.898097
28120,49564,31000,Eads St & 15th St S,-77.05323,38.858971
28124,6233,31001,18th & Eads St.,-77.05332,38.85725
28133,38510,31002,20th & Crystal Dr,-77.0492,38.8564
28138,11772,31003,15th & Crystal Dr,-77.049593,38.86017
28146,6236,31004,Aurora Hills Community Ctr/18th & Hayes St,-77.05949,38.857866
28157,6237,31005,Pentagon City Metro / 12th & S Hayes St,-77.059936,38.862303
28172,62856,31006,Pentagon Row Plaza / Army Navy Dr & Joyce St,-77.06341624,38.86331354
28174,18006,31007,Crystal City Metro / 18th & Bell St,-77.051141,38.857063
28183,11777,31008,12th & Army Navy Dr,-77.0528,38.8629
28187,18007,31009,27th & Crystal Dr,-77.051516,38.848441
28193,18008,31010,S Glebe & Potomac Ave,-77.0502,38.8426
28202,18009,31011,23rd & Crystal Dr,-77.0498,38.8533
28211,25189,31012,26th & S Clark St,-77.05152,38.850688
28228,62862,31013,Eads St & 22nd St S,-77.0534116,38.85438052
28229,11783,31014,Lynn & 19th St North,-77.070993,38.897315
28244,38522,31015,Rosslyn Metro / Wilson Blvd & Ft Myer Dr,-77.0723,38.8946
28247,18014,31016,Clarendon Blvd & Pierce St,-77.076701,38.893648
28259,18015,31017,Wilson Blvd & N Uhle St,-77.0846,38.891696
28265,25195,31018,N Rhodes & 16th St N,-77.079375,38.892164
28282,62868,31019,Wilson Blvd & N Edgewood St,-77.09186241,38.88939607
28283,18018,31020,Wilson Blvd & Franklin Rd,-77.0889,38.8904
28292,6253,31021,Clarendon Blvd & N Fillmore St,-77.09308,38.8881
28301,11791,31022,Clarendon Metro / Wilson Blvd & N Highland St,-77.094875,38.88786
28318,62872,31023,Fairfax Dr & Wilson Blvd,-77.097745,38.885801
28319,25201,31024,Virginia Square Metro / N Monroe St & 9th St N,-77.103148,38.882788
28336,62874,31025,Central Library / Quincy St & 10th St N,-77.10783,38.88397
28337,11795,31026,Washington Blvd & 10th St N,-77.093485,38.884734
28346,6259,31027,Key Blvd & N Quinn St,-77.078107,38.896015
28363,62877,31028,N Veitch St & Key Blvd,-77.086063,38.893237
28364,25206,31029,N Veitch  & 20th St N,-77.086502,38.896923
28377,54640,31030,Langston Blvd & N Adams St,-77.089006,38.89593
28382,25208,31031,15th & N Scott St,-77.08095,38.89054
28399,62881,31032,Washington Blvd & 7th St N,-77.090792,38.88081
28400,18031,31033,Wilson Blvd & N Oakland St,-77.10396,38.8815
28413,54865,31034,Fairfax Dr & N Randolph St,-77.109366,38.882629
28419,11804,31035,N Quincy St & Glebe Rd,-77.107735,38.876393
28434,31524,31036,George Mason Dr & Wilson Blvd,-77.1207,38.8789
28436,18035,31037,Ballston Metro / N Stuart & 9th St N,-77.111768,38.881044
28453,62887,31038,Glebe Rd & 11th St N,-77.116817,38.883921
28454,6271,31039,N Quincy St & Wilson Blvd,-77.107673,38.880151
28471,62889,31040,GMU/Fairfax Dr & Kenmore St,-77.10030198,38.88470272
28472,25218,31041,Prince St & Union St,-77.040363,38.803124
28489,62891,31042,Market Square / King St & Royal St,-77.043363,38.804718
28490,6275,31043,Saint Asaph St & Pendleton  St,-77.044664,38.810743
28507,62893,31044,King St & Patrick St,-77.049883,38.805317
28508,18043,31045,Commerce St & Fayette St,-77.05293,38.805648
28525,62895,31046,Henry St & Pendleton St,-77.050276,38.811456
28526,18045,31047,Braddock Rd Metro,-77.052808,38.814577
28543,62897,31048,King St Metro South,-77.06062675,38.80576285
28544,25226,31049,Utah St & 11th St N,-77.113905,38.883669
28552,11819,31050,Barton St & 10th St N,-77.08777,38.884961
28569,62900,31051,Arlington Blvd & N Queen St,-77.077294,38.889365
28570,18050,31052,Potomac Ave & 35th St S,-77.050537,38.844015
28581,11822,31053,Columbia Pike & S Courthouse Rd,-77.080319,38.863833
28589,18052,31054,Walter Reed Community Center / Walter Reed Dr & 16th St S,-77.086733,38.857803
28597,11824,31055,28th St S & S Meade St,-77.069275,38.846222
28606,11825,31056,S Troy St & 26th St S,-77.075104,38.847977
28623,62906,31057,S Four Mile Run Dr & Shirlington Rd,-77.085931,38.8444
28624,6290,31058,S Oakland St & Columbia Pike,-77.09586,38.860789
28633,6291,31059,S Four Mile Run & Walter Reed Dr,-77.095431,38.84736
28642,18058,31060,S Arlington Mill Dr & Campbell Ave,-77.089555,38.84232
28659,62910,31061,S Kenmore St & 24th St S,-77.084918,38.848454
28660,25239,31062,S George Mason Dr & 13th St S,-77.100555,38.854691
28677,62912,31063,S George Mason Dr & S Four Mile Run Dr,-77.105022,38.852248
28681,25241,31064,S Stafford & 34th St S,-77.087323,38.834108
28687,11834,31065,N Pershing Dr & Wayne St,-77.08596,38.880705
28703,55208,31066,Columbia Pike & S Orme St,-77.072315,38.867262
28713,62916,31067,Columbia Pike & S Walter Reed Dr,-77.086599,38.862478
28721,31556,31068,Columbia Pike & S Dinwiddie St / Arlington Mill Community Ce,-77.1115,38.8563
28730,38576,31069,Pershing & N George Mason Dr,-77.1079,38.8718
28733,18068,31070,Arlington Blvd & Fillmore St,-77.089233,38.873755
28747,38578,31071,Long Bridge Park/Long Bridge Dr & 6th St S,-77.0483,38.8665
28756,55266,31072,31st St & S Woodrow St,-77.0934784,38.8378458
28766,49511,31073,Washington Blvd & Walter Reed Dr,-77.082104,38.873219
28775,38581,31074,TJ Cmty Ctr / 2nd St & S Old Glebe Rd,-77.0956,38.8694
28777,11844,31075,Rolfe St & 9th St S,-77.076131,38.866471
28793,49514,31076,S Randolph St & Campbell Ave,-77.08865851,38.84065401
28795,25254,31077,Iwo Jima Memorial/N Meade & 14th St N,-77.071301,38.88992
28810,38585,31078,Arlington Blvd & S George Mason Dr/NFATC,-77.1045,38.8694
28820,49517,31079,Langston Blvd & N Cleveland St,-77.09169,38.894941
28823,11849,31080,Lee Hwy & N Scott St,-77.080851,38.897612
28836,55282,31081,Duke St & John Carlyle St,-77.060866,38.804378
28846,38589,31082,Eisenhower Ave & Mill Race Ln,-77.069,38.8011
28851,18081,31083,Potomac Greens Dr & Slaters Ln,-77.047494,38.82175
28865,49522,31084,Ballenger Ave & Dulaney St,-77.063562,38.802677
28868,18083,31085,Mount Vernon Ave & E Nelson Ave,-77.057619,38.820064
28881,55289,31086,Mount Vernon Ave & E Del Ray Ave,-77.058541,38.82595
28890,49524,31087,Monroe Ave & Leslie Ave,-77.053096,38.820932
28899,55290,31088,Mount Vernon Ave & Kennedy St,-77.059821,38.833077
28909,38595,31089,Court House Metro / 15th & N Uhle St,-77.0848,38.8906
28916,54718,31090,Long Bridge Park / Long Bridge Dr & 6th St S,-77.05003,38.865553
28920,18089,31091,S Joyce & 16th St S,-77.063275,38.859254
28935,31579,31092,N Nelson St & Lee Hwy,-77.1052,38.8959
28939,18091,31093,21st St N & N Pierce St,-77.078317,38.898984
28948,11863,31094,Lee Hwy & N Kirkwood Rd,-77.09713,38.895377
28962,38601,31095,Army Navy Dr & S Nash St,-77.0682,38.8625
28971,54629,31096,Walter Reed Dr & 8th St S,-77.08787,38.86612
28980,55311,31097,Saint Asaph St & Madison St,-77.044097,38.812718
28990,49581,31098,King St Metro North / Cameron St,-77.059817,38.80704
28998,38605,31099,Madison & N Henry St,-77.0495,38.8135
29006,38606,31100,19th St & Pennsylvania Ave NW,-77.0429,38.9003
29016,31588,31101,14th & V St NW,-77.0321,38.9176
29020,25278,31102,11th & Kenyon St NW,-77.027822,38.929464
29032,38609,31103,16th & Harvard St NW,-77.0365,38.9261
29037,11873,31104,Adams Mill & Columbia Rd NW,-77.042581,38.922925
29049,38611,31105,14th & Harvard St NW,-77.0322,38.9268
29059,38612,31106,Calvert & Biltmore St NW,-77.0476,38.9232
29062,11876,31107,Lamont & Mt Pleasant NW,-77.0388,38.9319
29075,55013,31108,4th & M St SW,-77.01777443,38.87682269
29085,31596,31109,7th & T St NW,-77.0222,38.9155
29093,31597,31110,20th St & Florida Ave NW,-77.0446,38.9154
29105,62959,31111,10th & U St NW,-77.0259,38.9172
29113,38618,31112,Harvard St & Adams Mill Rd NW,-77.0434,38.9279
29116,6345,31113,Columbia Rd & Belmont St NW,-77.04368,38.920669
29131,31601,31114,18th St & Wyoming Ave NW,-77.0416,38.9188
29133,11884,31115,Columbia Rd & Georgia Ave NW,-77.02344,38.928156
29148,31603,31116,California St & Florida Ave NW,-77.0406,38.9178
29158,38623,31117,15th & Euclid St  NW,-77.0352,38.9233
29161,25294,31118,3rd & Elm St NW,-77.01597,38.917622
29174,38625,31119,14th & Belmont St NW,-77.0319,38.9211
29184,31607,31120,10th & Florida Ave NW,-77.0257,38.9204
29192,55256,31121,Calvert St & Woodley Pl NW,-77.050046,38.923583
29203,38628,31122,16th & Irving St NW,-77.0363,38.9289
29205,18121,31123,14th & Girard St NW,-77.032375,38.925284
29220,38630,31124,14th & Irving St NW,-77.0322,38.9286
29230,31612,31125,15th & W St NW,-77.0345,38.9191
29238,38632,31126,11th & Girard St NW,-77.0271,38.9256
29248,62975,31127,22nd & H St NW,-77.04885238,38.89892547
29255,31615,31128,-,-77.0503,38.9053
29261,54832,31129,15th St & Pennsylvania Ave NW,-77.03338087,38.89646475
29266,41538,31130,7th & S St NW,-77.0222,38.9142
29273,44523,31131,14th & Otis Pl NW,-77.032687,38.934405
29276,44754,31132,13th & U St NW,-77.02963114,38.91693645
29281,44615,31133,20th & Columbia Rd NW,-77.045487,38.918036
29285,62982,31134,8th & V St NW,-77.022684,38.917716
29287,54732,31135,16th & Harvard St NW,-77.03665,38.926102
29290,62984,31136,11th & Clifton St NW,-77.02708572,38.92232434
29292,62985,31137,Park Pl & Rock Creek Church Rd NW,-77.01912493,38.93713517
29293,55009,31138,4th & College St NW,-77.01813519,38.92123296
29301,31619,31200,Massachusetts Ave & Dupont Circle NW,-77.0444,38.9101
29310,54735,31201,15th & P St NW,-77.03442693,38.90980063
29319,31621,31202,14th & R St NW,-77.0317,38.9127
29329,44592,31203,14th & Rhode Island Ave NW,-77.0323,38.9086
29337,54823,31204,20th & E St NW,-77.045,38.8963
29345,44594,31205,21st & I St NW,-77.04644859,38.90071063
29355,44608,31206,19th & E Street NW,-77.0436,38.8952
29366,62994,31207,Georgia Ave & Fairmont St NW,-77.02232748,38.92478459
29375,62995,31208,M St & New Jersey Ave SE,-77.0037,38.8763
29376,25315,31209,1st & N St  SE,-77.0057,38.8743
29386,62997,31210,17th St & Rhode Island Ave NW,-77.03862727,38.90676706
29393,31629,31211,Kennedy Center,-77.0548,38.8952
29403,55102,31212,New Hampshire Ave & Ward Pl NW,-77.04731762,38.90571079
29406,6371,31213,17th & K St NW,-77.03863,38.90276
29421,44627,31214,17th & Corcoran St NW,-77.0387,38.9121
29424,11913,31215,Georgetown Harbor / 30th St NW,-77.059219,38.902221
29438,55115,31216,14th St & New York Ave NW,-77.031686,38.899632
29442,11915,31217,USDA / 12th & Independence Ave SW,-77.028226,38.887237
29455,44644,31218,L'Enfant Plaza / 7th & C St SW,-77.022241,38.886266
29462,18146,31219,10th St & Constitution Ave NW,-77.026013,38.893028
29469,25325,31220,US Dept of State / Virginia Ave & 21st St NW,-77.046587,38.894919
29484,38656,31221,18th & M St NW,-77.0416,38.9047
29487,11920,31222,New York Ave & 15th St NW,-77.0337,38.8991
29501,44653,31223,Convention Center / 7th & M St NW,-77.02227,38.905737
29510,31642,31224,19th & L St NW,-77.0436,38.9034
29519,31643,31225,C & O Canal & Wisconsin Ave NW,-77.0627,38.9038
29529,44659,31226,34th St & Wisconsin Ave NW,-77.0682,38.916442
29538,38662,31227,13th St & New York Ave NW,-77.0298,38.9003
29547,38663,31228,8th & H St NW,-77.0231,38.8997
29550,11927,31229,New Hampshire Ave & T St NW,-77.03818,38.91554
29564,54924,31230,Metro Center / 12th & G St NW,-77.02795878,38.89832574
29574,55139,31231,14th & D St NW / Ronald Reagan Building,-77.031617,38.894514
29582,44674,31232,7th & F St NW / National Portrait Gallery,-77.02219069,38.89728305
29592,38668,31233,17th & K St NW / Farragut Square,-77.0383,38.9021
29599,31652,31234,20th & O St NW / Dupont South,-77.0448,38.9089
29603,18162,31235,19th St & Constitution Ave NW,-77.0436,38.8923
29618,54698,31236,37th & O St NW / Georgetown University,-77.07166,38.907837
29628,38672,31237,25th St & Pennsylvania Ave NW,-77.0535,38.9038
29631,25343,31238,14th & G St NW,-77.031823,38.898069
29645,38674,31239,17th & Rhode Island Ave NW,-77.0388,38.9066
29654,38675,31240,Ohio Dr & West Basin Dr SW / MLK & FDR Memorials,-77.0466,38.8841
29663,54977,31241,Thomas Circle,-77.0325,38.9059
29673,38677,31242,18th St & Pennsylvania Ave NW,-77.0415,38.8997
29681,44695,31243,4th & C St SW,-77.01770067,38.88637194
29689,31662,31244,4th & E St SW,-77.0174,38.8841
29699,38680,31245,7th & R St NW / Shaw Library,-77.0222,38.9127
29704,11944,31246,M St & Pennsylvania Ave NW,-77.056887,38.905126
29711,18174,31247,Jefferson Dr & 14th St SW,-77.032429,38.888553
29726,54643,31248,Smithsonian-National Mall / Jefferson Dr & 12th St SW,-77.028694,38.888774
29736,44716,31249,Jefferson Memorial,-77.037413,38.879819
29745,44719,31250,20th & L St NW,-77.044789,38.903584
29754,31669,31251,12th & L St NW,-77.0284,38.9038
29757,25357,31252,21st St & Pennsylvania Ave NW,-77.046564,38.901539
29771,38688,31253,19th & K St NW,-77.0434,38.9022
29775,11952,31254,15th & K St NW,-77.03353,38.902
29786,11953,31255,24th & N St NW,-77.05152,38.9066
29800,63043,31256,10th & E St NW,-77.026064,38.895914
29803,6415,31257,22nd & I St NW / Foggy Bottom,-77.048911,38.90088
29817,54678,31258,Lincoln Memorial,-77.0494365,38.888255
29819,11957,31259,20th St & Virginia Ave NW,-77.045128,38.894722
29834,38695,31260,23rd & E St NW,-77.0499,38.8961
29844,38696,31261,21st St & Constitution Ave NW,-77.0466,38.8925
29847,18189,31262,11th & F St NW,-77.026975,38.897857
29860,31681,31263,10th & K St NW,-77.0262,38.9024
29870,31682,31264,6th St & Indiana Ave NW,-77.0199,38.8946
29875,18192,31265,5th St & Massachusetts Ave NW,-77.018677,38.90093
29889,55043,31266,11th & M St NW,-77.027313,38.9055785
29892,11965,31267,17th St & Massachusetts Ave NW,-77.038359,38.908142
29906,31686,31268,12th & U St NW,-77.0281,38.9168
29916,38704,31269,3rd St & Pennsylvania Ave SE,-77.002,38.8874
29924,38705,31270,8th & D St NW,-77.0232,38.8949
29934,31689,31271,Constitution Ave & 2nd St NW/DOL,-77.0139,38.8923
29941,55214,31272,Washington & Independence Ave SW/HHS,-77.013769,38.886978
29945,11971,31273,Hains Point/Buckeye & Ohio Dr SW,-77.03023,38.878433
29960,54711,31274,10th & G St NW,-77.02623546,38.89824329
29970,44780,31275,New Hampshire Ave & 24th St NW,-77.051084,38.901755
29973,6434,31276,15th & L St NW,-77.034931,38.90381
29987,38712,31277,17th & G St NW,-77.0396,38.8984
29996,55295,31278,18th & R St NW,-77.041834,38.912648
30005,31697,31279,19th & G St NW,-77.0432,38.8984
30015,44787,31280,11th & S St NW,-77.027025,38.913761
30023,44463,31281,8th & O St NW,-77.02277,38.90864
30031,55318,31282,16th & R St NW,-77.036278,38.912652
30041,55321,31283,14th & L St NW,-77.031737,38.903658
30051,38719,31284,18th & C St NW,-77.0415,38.8935
30060,44572,31285,22nd & P ST NW,-77.048728,38.909394
30062,25391,31286,11th & O St NW,-77.02714,38.90843
30077,55330,31287,10th St & L'Enfant Plaza SW,-77.02601016,38.88432272
30087,38723,31288,4th St & Madison Dr NW,-77.0173,38.8905
30091,25394,31289,Henry Bacon Dr & Lincoln Memorial Circle NW,-77.049379,38.890544
30098,18217,31290,17th St & Independence Ave SW,-77.038325,38.888097
30113,31709,31291,16th & K St NW,-77.0357,38.9027
30123,55345,31292,22nd St & Constitution Ave NW,-77.048947,38.892441
30128,25398,31293,31st & Water St NW,-77.061043,38.902814
30138,38729,31294,7th & E St SW,-77.0217,38.8835
30150,31713,31295,Potomac & M St NW,-77.0651,38.9054
30153,6454,31296,Columbia & Ontario Rd NW,-77.040787,38.924088
30161,11995,31297,Virginia Ave & 25th St NW,-77.054155,38.8995
30175,44504,31298,15th & M St NW,-77.034674,38.905424
30186,38734,31299,Connecticut Ave & R St NW,-77.0456,38.9126
30190,25405,31300,Van Ness Metro / UDC,-77.063896,38.944551
30200,6459,31301,Ward Circle / American University,-77.087171,38.938736
30211,31720,31302,Wisconsin Ave & Newark St NW,-77.0728,38.9349
30222,31721,31303,Tenleytown / Wisconsin Ave & Albemarle St NW,-77.0794,38.9476
30224,12002,31304,36th & Calvert St NW / Glover Park,-77.070334,38.922581
30238,38740,31305,Connecticut Ave & Newark St NW / Cleveland Park,-77.058,38.9343
30248,44711,31306,39th & Calvert St NW / Stoddert,-77.077271,38.922649
30253,6465,31307,3000 Connecticut Ave NW / National Zoo,-77.055599,38.930282
30263,18235,31308,39th & Veazey St NW,-77.077078,38.943837
30274,38744,31309,Fessenden St & Wisconsin Ave NW,-77.0824,38.9548
30284,38745,31310,Connecticut & Nebraska Ave NW,-77.07,38.955
30287,55083,31311,13th & O St NW/ Logan Circle,-77.029779,38.908735
30296,38746,31312,Wisconsin Ave & O St NW,-77.0636,38.9085
30306,63100,31313,Connecticut Ave & Tilden St NW,-77.06197724,38.94113916
30312,44778,31314,34th & Water St NW,-77.0675285,38.9037315
30321,44781,31315,Connecticut Ave & McKinley St NW,-77.07513481,38.96454351
30325,6473,31316,Yuma St & Tenley Circle NW,-77.08059,38.946182
30337,18243,31317,Wisconsin Ave & Ingomar St NW,-77.084636,38.958267
30344,25422,31318,Connecticut Ave & Yuma St NW,-77.065115,38.947156
30356,44538,31319,Wisconsin Ave & Brandywine St NW,-77.080217,38.949813
30362,12017,31320,-,-77.087128,38.936298
30372,44477,31321,15th St & Constitution Ave NW,-77.033234,38.892244
30378,25426,31322,-,-77.09629,38.917304
30388,38757,31323,-,-77.0518,38.9234
30392,18250,31324,-,-77.041829,38.911268
30401,44508,31325,Reservoir Rd & 38th St NW,-77.07432264,38.91261359
30405,55007,31326,Hardy Rec Center,-77.08564639,38.90970086
30411,63114,31327,14th & Q St NW,-77.03188,38.910674
30412,55078,31328,21st St & G st NW,-77.04691261,38.89830174
30418,63116,31330,17th & P St NW,-77.038566,38.909858
30419,54902,31331,Arizona Ave & MacArthur Blvd NW,-77.103662,38.927294
30422,42931,31332,11th & V st NW,-77.027171,38.918199
30425,55057,31333,Wisconsin Ave & Rodman St NW,-77.07527697,38.93967417
30428,63120,31334,Loughboro Rd & Dalecarlia Pkwy NW / Sibley Hospital,-77.106913,38.935839
30429,67370,31335,16th & K St NW/BLM Plaza,-77.035866,38.902677
30430,67364,31336,9th & N St NW,-77.023885,38.906622
30431,68463,31337,33rd St & Wisconsin Ave NW,-77.066074,38.912181
30432,68451,31338,Connecticut Ave & Ordway St NW / Cleveland Park Metro,-77.058468,38.935842
30433,68439,31339,18th St & Ingleside Ter NW,-77.041362,38.934784
30434,68453,31380,Sunrise Valley Dr & Roland Clarke Pl,-77.350396,38.949366
30435,68452,31381,Westbranch Dr & Maitland St,-77.220829,38.927943
30436,68435,31383,N Shore Dr & Bandit Loop,-77.331794,38.95937
30437,68465,31385,Old Meadow Rd & Old Meadow Ln,-77.21245961,38.91898809
30438,68448,31386,Prosperity Ave & Avenir Pl,-77.23037748,38.88143586
30439,68461,31387,Kingsbridge Dr & Draper Dr,-77.28208338,38.8685447
30440,68432,31389,Route 29 & Circle Woods Dr,-77.27153767,38.86911419
30442,63121,31390,Whitehaven Pkwy & Foxhall Rd NW / GWU Mt. Vernon,-77.0909109,38.916501
30443,68445,31391,44th St & New Mexico Ave NW,-77.086263,38.933899
30444,68438,31392,39th St & Tunlaw Rd NW,-77.079119,38.9257
30445,67372,31393,Wisconsin Ave & Upton St NW,-77.07643,38.941808
30446,68464,31394,New Mexico & Cathedral Ave NW,-77.083704,38.930316
30447,67373,31395,Massachusetts & Idaho Ave NW,-77.077214,38.931349
30448,68436,31396,Dorr Ave & Prosperity Ave,-77.233583,38.879256
30449,68459,31398,Tyco Rd & Boyd Pointe Way,-77.241436,38.930767
30450,67369,31399,Old Meadow Rd & Cathy Ln,-77.213879,38.916908
30459,63122,31400,Georgia & New Hampshire Ave NW,-77.02418089,38.93668393
30461,6478,31401,14th St & Spring Rd NW,-77.0328,38.9375
30470,25431,31402,14th St Heights / 14th & Crittenden St NW,-77.032818,38.947774
30480,18254,31403,5th & Kennedy St NW,-77.019815,38.956595
30493,31745,31404,9th & Upshur St NW,-77.0251,38.9418
30501,31746,31405,Georgia Ave & Emerson St NW,-77.0273,38.9497
30505,25435,31406,14th & Upshur St NW,-77.032652,38.942016
30518,55189,31407,14th St & Colorado Ave NW,-77.032947,38.956432
30528,44776,31408,Takoma Metro,-77.016855,38.975219
30538,44524,31411,Georgia & Missouri Ave NW,-77.027855,38.961339
30543,18261,31412,3rd St & Riggs Rd NE,-77.002239,38.957463
30554,44526,31413,3rd & Underwood St NW,-77.016258,38.968834
30563,44533,31414,Georgia Ave & Piney Branch Rd NW,-77.027976,38.967505
30575,63135,31415,Georgia Ave & Kennedy St NW,-77.02791,38.95674
30576,18265,31416,-,-77.033509,38.969489
30584,18266,31417,-,-77.021467,38.948057
30595,32031,31418,-,-77.0128,38.9516
30602,32032,31419,-,-77.0235,38.9321
30604,54776,31420,17th & Upshur St NW,-77.038684,38.942146
30609,54907,31421,Grant Circle,-77.01822102,38.94202474
30614,44536,31422,Broad Branch Rd & Northampton St NW,-77.06862643,38.96577499
30618,44532,31423,Kansas Ave & Longfellow St NW,-77.013821,38.958098
30623,63144,31424,9th & Ingraham St NW,-77.02561319,38.95366314
30624,54760,31425,Georgia Ave & Dahlia St NW,-77.026747,38.976061
30627,63146,31426,10th St & Spring Rd NW,-77.027163,38.936228
30628,68431,31427,Kansas Ave & Tuckerman St NW / Lamond Rec,-77.007003,38.967492
30629,68444,31428,Western Ave & Pinehurst Cir NW,-77.066409,38.975739
30632,12033,31500,4th & W St NE,-77.000648,38.919077
30639,18270,31501,12th & Newton St NE,-76.991016,38.933668
30652,31759,31502,John McCormack Dr & Michigan Ave NE,-76.9955,38.9346
30661,44629,31503,Florida Ave & R St NW,-77.0135,38.9126
30671,44662,31504,10th & Monroe St NE,-76.99353397,38.9324569
30675,25452,31505,Eckington Pl & Q St NE,-77.00495,38.910972
30687,6496,31506,1st & Rhode Island Ave NW,-77.012289,38.915417
30694,12040,31507,1st & Washington Hospital Center NW,-77.012457,38.928743
30706,44718,31508,Gallaudet / 8th St & Florida Ave NE,-76.9941,38.90509
30715,44744,31509,New Jersey Ave & R St NW,-77.017669,38.912659
30721,25457,31510,18th St & Rhode Island Ave NE,-76.978924,38.927095
30733,55201,31511,12th & Irving St NE,-76.990955,38.928644
30746,63159,31512,Neal St & Trinidad Ave NE,-76.987211,38.903732
30752,44758,31513,Rhode Island Ave & V St NE,-77.004746,38.918155
30756,6504,31514,Hamlin & 7th St NE,-76.997194,38.927497
30769,38792,31515,Fort Totten Metro,-77.0027,38.9524
30779,44777,31516,Rhode Island Ave Metro,-76.995876,38.920682
30786,18286,31517,Union Market/6th St & Neal Pl NE,-76.996985,38.908008
30797,38795,31518,New York Ave & Hecht Ave NE,-76.9837,38.9156
30801,12052,31519,1st & O St NW,-77.012365,38.908643
30814,44474,31520,24th & R St NE / National Arboretum,-76.971923,38.91263
30824,31778,31521,18th & Monroe St NE,-76.9795,38.9329
30832,31779,31522,2nd St & Seaton Pl NE,-77.0036,38.9148
30844,63170,31523,Lincoln Rd & Seaton Pl NE/Harry Thomas Rec Center,-77.0078,38.915
30850,44479,31524,Montello Ave & Holbrook Terr NE,-76.986813,38.907444
30855,32034,31525,-,-76.9832,38.9063
30860,25473,31526,-,-76.9859,38.9243
30867,44483,31527,North Capitol & R St NE,-77.008798,38.912524
30874,31782,31528,John McCormack Rd NE,-76.9972,38.9389
30879,31783,31529,Edgewood Rec Center,-77.0021,38.9241
30882,34849,31530,-,-76.985854,38.910993
30887,63178,31531,MBT & Bryant St NE,-76.99602306,38.92240364
30890,63179,31532,4th & Florida Ave NE,-77.00069815,38.90731645
30893,63180,31533,Tanner Park,-77.00225651,38.91121359
30894,54670,31534,7th & Monroe St NE,-76.99613303,38.93224258
30896,55002,31535,10th St & Rhode Island Ave NE,-76.9926703,38.9224892
30899,63183,31536,5th & Morse St NE,-76.99916661,38.90728677
30901,63184,31537,Fort Lincoln Dr & 33rd Pl NE,-76.9556866,38.9216413
30903,63185,31538,South Dakota Ave & Bladensburg Rd NE,-76.964896,38.9252
30904,55079,31539,South Dakota Ave & 33rd St NE,-76.960696,38.921986
30906,55056,31540,3rd & N St NE,-77.002109,38.907073
30909,63188,31541,10th & Quincy St NE / Turkey Thicket Rec,-76.993509,38.937849
30910,54984,31542,12th & Varnum St NE,-76.990157,38.943596
30912,55377,31543,24th St & Rhode Island Ave NE,-76.97285146,38.93077415
30914,68441,31544,Michigan Ave & Allison St NE,-76.978783,38.945068
30915,68447,31545,18th & Upshur St NE,-76.980378,38.941733
30916,67365,31546,South Dakota Ave & Decatur St NE,-76.991829,38.948307
30920,18296,31600,5th & K St NW,-77.019027,38.90304
30926,18297,31601,19th & East Capitol St SE,-76.9769,38.8896
30939,44600,31602,Park Rd & Holmead Pl NW,-77.0315,38.9308
30949,31787,31603,1st & M St NE,-77.0056,38.9057
30954,18300,31604,3rd & H St NW,-77.015289,38.899408
30963,18301,31605,3rd & D St SE,-77.0023,38.8851
30978,38810,31606,Potomac & Pennsylvania Ave SE,-76.9862,38.8803
30983,18303,31607,14th & D St SE,-76.9861,38.884
30994,31792,31608,8th & Eye St SE / Barracks Row,-76.9953,38.8792
31002,44657,31609,Maine Ave & 7th St SW,-77.02305436,38.8786936
31008,18306,31610,Eastern Market / 7th & North Carolina Ave SE,-76.996806,38.886952
31019,18307,31611,13th & H St NE,-76.9882,38.9003
31029,31796,31612,D St & Maryland Ave NE,-76.9971,38.8948
31036,6526,31613,Eastern Market Metro / Pennsylvania Ave & 7th St SE,-76.995397,38.884
31043,6527,31614,11th & H St NE,-76.991383,38.899983
31050,6528,31615,6th & H St NE,-76.998347,38.899972
31062,38820,31616,3rd & H St NE,-77.0019,38.9004
31071,44666,31617,Bladensburg Rd & Benning Rd NE,-76.982872,38.900413
31079,18314,31618,4th & East Capitol St NE,-77.000349,38.889955
31086,12076,31619,Lincoln Park / 13th & East Capitol St NE,-76.988355,38.890461
31098,44651,31620,5th & F St NW,-77.019347,38.897222
31103,6534,31621,4th & D St NW / Judiciary Square,-77.016106,38.895344
31115,12079,31622,13th & D St NE,-76.987633,38.894832
31125,31807,31623,Columbus Circle / Union Station,-77.0049,38.897
31135,44682,31624,North Capitol St & F St NW,-77.009888,38.897446
31139,6538,31625,3rd & G St SE,-77.001828,38.881185
31152,31810,31626,15th St & Massachusetts Ave SE,-76.9836,38.8873
31163,44733,31627,3rd & M St NE,-77.00213045,38.90546971
31173,31812,31628,1st & K St SE,-77.006,38.8786
31175,6542,31629,8th & East Capitol St NE,-76.995193,38.889988
31189,44745,31630,15th & East Capitol St NE,-76.983326,38.889908
31197,44746,31631,8th & F St NE,-76.994749,38.897274
31202,6545,31632,15th & F St NE,-76.983575,38.897195
31214,12090,31633,Independence Ave & L'Enfant Plaza SW/DOE,-77.025762,38.887312
31224,55233,31634,3rd & Tingey St SE,-77.0024,38.87501
31234,44766,31635,Potomac Ave & 8th St SE,-76.994468,38.876737
31238,25510,31636,New Jersey Ave & N St NW/Dunbar HS,-77.015231,38.90706
31250,12094,31637,North Capitol St & G Pl NE,-77.008911,38.899703
31258,12095,31638,1st & H St NW,-77.012108,38.900358
31265,6552,31639,2nd & G St NE,-77.003666,38.89967
31277,6553,31640,Maryland Ave & E St NE,-76.9929,38.896134
31287,38845,31641,2nd St & Massachusetts Ave NE,-77.0031,38.895
31292,12099,31642,New Jersey Ave & L St NW,-77.01397,38.903598
31304,25517,31643,1st & D St SE,-77.005965,38.884916
31313,12101,31644,12th St & Pennsylvania Ave SE,-76.990121,38.882489
31326,55353,31645,6th & K St NE,-76.99840486,38.90293157
31329,25520,31646,-,-77.025236,38.88044
31340,55362,31647,7th St & Massachusetts Ave NE,-76.99602,38.89222
31350,63238,31648,Potomac Ave & Half St SW,-77.01081544,38.86968315
31356,38853,31649,-,-77.033,38.932
31358,18346,31650,-,-77.006072,38.876893
31365,25525,31651,-,-77.02835709,38.93194154
31378,63242,31652,4th & M St SE,-77.000736,38.876751
31385,63243,31653,7th & K St NW,-77.021392,38.902674
31386,18350,31654,-,-77.012443,38.876211
31399,63245,31655,New Jersey Ave & F St NW,-77.011616,38.897108
31400,18352,31656,-,-76.978627,38.901935
31407,25531,31657,-,-76.998273,38.892934
31417,55054,31658,Rosedale Rec Center,-76.979634,38.897808
31426,44496,31659,11th & C St SE,-76.991476,38.885908
31429,31832,31660,8th & K St NE,-76.9951,38.9027
31433,44487,31661,8th & H St NE,-76.99489653,38.89994163
31438,31834,31662,1st & K St NE,-77.0056,38.9024
31443,34852,31663,-,-76.9863852,38.8840581
31447,44561,31664,Half & Water St SW,-77.010551,38.866277
31452,34851,31665,-,-76.97718725,38.88548253
31455,54961,31666,4th & G St SW,-77.01769933,38.88111673
31459,54875,31667,2nd & V St SW / James Creek Marina,-77.013814,38.863743
31463,34862,31668,-,-77.00591,38.871841
31467,44618,31669,3rd & M St SE,-77.002161,38.876823
31471,54708,31670,12th St & New York Ave NW,-77.028061,38.901104
31473,44547,31671,53rd & D St SE/C.W. Harris Elementary,-76.925315,38.883318
31477,42928,31672,10th & H St NE,-76.992725,38.899984
31480,54626,31673,Waterfront Park,-77.02078789,38.87482077
31483,54793,31674,Maine Ave & Water St SW,-77.0209448,38.87674677
31486,54904,31675,North Capitol & K St NE,-77.00824589,38.90244373
31488,54637,31676,1st & Q St SW,-77.01191515,38.87082394
31490,55025,31677,1st & L St NW,-77.011987,38.903819
31492,54784,31678,4th & O St SW,-77.017585,38.872964
31494,18356,31700,Good Hope & Naylor Rd SE,-76.9672,38.8601
31503,25535,31701,Branch & Pennsylvania Ave SE,-76.9599,38.8692
31512,25536,31702,Randle Circle & Minnesota Ave SE,-76.9607,38.878
31520,18359,31703,Minnesota Ave Metro/DOES,-76.947446,38.897063
31529,12109,31704,Nannie Helen Burroughs & Minnesota Ave NE,-76.941877,38.901385
31538,18361,31705,Benning Branch Library,-76.947974,38.894
31547,18362,31706,Fairfax Village,-76.952103,38.86559
31556,12112,31707,Benning Rd & East Capitol St NE / Benning Rd Metro,-76.93723,38.889935
31565,25542,31708,Anacostia Ave & Benning Rd NE / River Terrace,-76.96012,38.896544
31574,6568,31710,Nannie Helen Burroughs Ave & 49th St NE,-76.931862,38.898536
31583,18366,31711,Deanwood Rec Center,-76.933099,38.908473
31592,12116,31712,Oklahoma Ave & D St NE,-76.974828,38.894474
31601,25546,31713,Division Ave & Foote St NE,-76.925907,38.897407
31610,25547,31714,61st St & Banks Pl NE,-76.913563,38.891805
31619,12119,31715,-,-76.949709,38.883011
31627,41552,31716,Kingman Island/The Fields at RFK,-76.9678,38.896
31632,31851,31717,Kenilworth Terrace & Hayes St. NE,-76.9473,38.9005
31637,31852,31718,Ridge Rd Community Center,-76.941,38.8762
31642,54749,31719,Oklahoma Ave & Benning Rd NE,-76.9695094,38.8974996
31646,34856,31720,-,-76.97093,38.878771
31650,55066,31721,Anacostia Ave & East Capitol St NE,-76.96128,38.890461
31652,54825,31722,Woody Ward Rec Center,-76.926596,38.879575
31654,54925,31723,Ridge Rd & Southern Ave SE,-76.935246,38.872976
31656,54862,31724,41st St & Alabama Ave SE / Fort Davis Rec,-76.945283,38.870353
31658,68434,31725,16th St & North Carolina Ave NE,-76.982464,38.893062
31659,67375,31726,34th St & Minnesota Ave SE,-76.957511,38.883843
31660,68446,31727,17th St & Potomac Ave SE / Congressional Cemetery,-76.980715,38.882458
31661,68440,31728,55th & East Capitol St NE,-76.922783,38.889926
31662,67363,31799,Randle Circle & Minnesota Ave SE,-76.96075,38.87795
31663,12120,31800,Alabama & MLK Ave SE,-76.999388,38.843222
31672,6574,31801,Anacostia Metro,-76.994637,38.862669
31681,18373,31802,Good Hope Rd & MLK Ave SE,-76.988039,38.867373
31690,12123,31803,Good Hope Rd & 14th St SE,-76.985238,38.866611
31699,6577,31804,Anacostia Library,-76.9784,38.865784
31708,18376,31805,Pennsylvania & Minnesota Ave SE,-76.971015,38.873057
31717,25555,31806,Congress Heights Metro,-76.987823,38.844711
31726,12127,31807,Pleasant St & MLK Ave SE,-76.990037,38.863897
31735,25557,31811,South Capitol & Atlantic St SW,-77.008133,38.831516
31744,18380,31812,16th & Q St SE / Anacostia HS,-76.982359,38.870695
31753,18381,31813,-,-76.98185,38.84627
31761,12131,31814,-,-76.97557,38.84377
31769,25561,31815,-,-76.97703,38.84623
31777,18384,31816,-,-77.0009,38.836
31785,25563,31817,-,-77.005497,38.824481
31793,25564,31818,-,-77.00223,38.82373
31801,18387,31819,-,-77.01033,38.81909
31809,18388,31820,-,-76.9834,38.87335
31817,25567,31822,-,-76.984512,38.855004
31824,25568,31823,-,-76.983144,38.835737
31831,41555,31824,Valley Ave & Wheeler Rd SE,-76.9936,38.8366
31836,55018,31825,Fort Stanton Rec Center,-76.97768801,38.85736904
31841,44554,31826,Minnesota Ave & R St SE,-76.978519,38.8693365
31846,42925,31827,St. Elizabeths West Campus/DHS,-77.005174,38.853124
31849,54791,31828,New Jersey Ave & H St SE,-77.0057407,38.88076073
31851,54766,31829,16th & Bangor St SE,-76.983585,38.86044
31853,54745,31830,South Capitol St and Southern Ave SE,-77.001095,38.821563
31855,67374,31831,25th & S St SE,-76.970997,38.868356
31856,18391,31900,Lee Hwy & N Woodstock St,-77.118009,38.898301
31865,6584,31901,Washington Blvd & N Frederick St,-77.127671,38.884829
31874,18393,31902,Wilson Blvd & N Illinois St,-77.12712,38.876528
31883,12141,31903,Royal & Wilkes St,-77.0447,38.799267
31892,25573,31904,East Falls Church Metro/Sycamore St & 19th St N,-77.155988,38.884859
31901,25574,31905,Kennebec St & 11th St N,-77.135271,38.880992
31910,12144,31906,Commonwealth Ave & Oak St,-77.061715,38.812711
31918,25576,31907,Franklin & S Washington St,-77.0487,38.798133
31927,6591,31908,Radford & Osage St,-77.086031,38.828437
31936,6592,31909,Mount Vernon Ave & Four Mile Run Park,-77.064016,38.843422
31945,12148,31910,Potomac Ave & Main Line Blvd,-77.049265,38.822738
31954,25580,31912,Mount Vernon Ave & Bruce St,-77.063093,38.841291
31963,12150,31913,Commonwealth & E Monroe Ave,-77.062973,38.820265
31972,12151,31914,Lee Center,-77.053766,38.797557
31981,18405,31915,Powhatan St & Bashford Ln,-77.047783,38.818748
31990,25584,31916,Potomac & Swann Ave,-77.047844,38.829545
31999,6599,31917,N Lynn St & Fairfax Dr,-77.070862,38.89386
32008,18408,31918,Madison & Fairfax St,-77.040691,38.812351
32017,12156,31919,Carlin Springs Rd & N Thomas St,-77.112982,38.876695
32026,6602,31920,Washington-Lee High School / N Stafford St & Generals Way,-77.111066,38.888282
32035,25589,31921,Westover Library / Washington Blvd & N McKinley Rd,-77.142317,38.886048
32044,18412,31923,Columbia Pike & S Taylor St,-77.103728,38.858524
32053,12160,31924,Wilson Blvd & N Troy St,-77.082089,38.892556
32062,25592,31925,-,-77.05122,38.848304
32065,54814,31926,Wilson Blvd & N Vermont St,-77.11456329,38.87947661
32070,55073,31927,Wheeler Ave & S. Floyd St.,-77.100796,38.808161
32074,34881,31928,-,-77.108938,38.840797
32078,49602,31929,Mt Vernon Trail & S. Washington St.,-77.049436,38.7930647
32082,34888,31930,-,-77.0824626,38.802738
32086,34868,31931,-,-77.04281688,38.81403111
32090,54649,31932,Van Dorn Metro,-77.1299434,38.8000766
32093,34867,31933,-,-77.040293,38.801947
32097,49565,31935,National Airport,-77.045916,38.852903
32101,34859,31936,-,-77.056873,38.864838
32105,49454,31937,Arlington Blvd & Ft Myer Dr,-77.074893,38.890863
32109,34876,31938,-,-77.059496,38.853002
32113,54628,31939,Wilson Blvd & N Oak St,-77.07386,38.895068
32117,49490,31940,Arlington Blvd & Fairfax Dr,-77.08426237,38.88625607
32121,34882,31941,-,-77.106111,38.837306
32125,34884,31942,-,-77.135788,38.809709
32129,49590,31943,N Howard St & Taney Ave,-77.110014,38.815842
32133,49445,31944,S Clark St & 33rd St,-77.051956,38.845028
32137,49570,31945,Columbia Pike & S Greenbrier St,-77.118106,38.854019
32141,49593,31946,Kenmore Ave & Seminary Rd,-77.110588,38.828887
32145,34878,31947,-,-77.07145214,38.89608691
32149,55369,31948,W&OD Trail & Langston Blvd,-77.16212,38.88715
32152,42921,31949,Columbia Pike & S Scott St/12th St S,-77.077201,38.863556
32155,42920,31950,Long Bridge Aquatic Center,-77.04409495,38.87056105
32158,54980,31951,8th Rd & S Frederick St,-77.116339,38.857049
32161,55374,31952,N Howard St & N Imboden St,-77.105564,38.818509
32164,42917,31953,S Pickett St & Shillings St,-77.132334,38.804486
32167,54985,31954,S Jordan St & Venable St,-77.109975,38.811361
32170,42915,31955,King St & Peyton St,-77.055911,38.806002
32173,54686,31956,Reed & Edison,-77.060899,38.83728
32176,42913,31957,King St & Kenwood Ave,-77.085066,38.824793
32179,54695,31958,S Washington St & Wilkes St,-77.048043,38.800703
32182,55063,31959,Main Line Blvd & E Glebe,-77.049772,38.832431
32185,42910,31960,Commonwealth and Reed,-77.05727398,38.83683765
32188,55375,31961,Fillmore & Bisdorf,-77.116206,38.83863
32191,42908,31962,King St & W Braddock Rd,-77.088985,38.827674
32194,55053,31963,Holmes Run Pkwy & N Pickett St,-77.11893,38.814305
32197,42906,31964,Virginia Theological Seminary,-77.093879,38.820152
32200,54877,31966,Duke St & Jordan St,-77.10994,38.812187
32203,55014,31967,S Reynolds St & Edsall Rd,-77.128908,38.809607
32206,42903,31968,King St & N Pitt St,-77.04467565,38.80480113
32209,42902,31969,Braddock Rd Metro South,-77.053734,38.813474
32212,54759,31970,First St & Fayette St,-77.050105,38.817019
32215,42900,31971,Penrose Sq/Columbia Pike & S Barton St,-77.084259,38.863508
32218,42899,31972,S Wakefield St & 28th Rd S,-77.098093,38.84404
32221,42898,31973,N Pershing Dr & Quebec St,-77.104784,38.874248
32224,54780,31974,Mandeville Ln & Stovall St,-77.072558,38.802893
32227,54810,31976,Virginia Hospital Center,-77.12801456,38.88791377
32229,54658,31977,Marymount University / Yorktown Blvd & 26th St N,-77.127776,38.904252
32231,54723,31978,Arlington National Cemetery,-77.065803,38.884533
32233,68454,31979,Potomac Yard Metro South,-77.047846,38.833437
32234,67371,31981,Columbia Pike & W&OD Trail,-77.109609,38.856645
32243,63290,32000,Norfolk Ave & Fairmont St,-77.096539,38.988562
32245,18416,32001,Fenton St & New York Ave,-77.023082,38.985404
32253,12163,32002,Bethesda Ave & Arlington Rd,-77.097426,38.981103
32262,25596,32003,Montgomery Ave & Waverly St,-77.09221,38.983838
32271,25597,32004,Fallsgrove Blvd & Fallsgrove Dr,-77.192672,39.096312
32280,18420,32005,Traville Gateway Dr & Gudelsky Dr,-77.202501,39.093783
32289,6612,32006,13th St & Eastern Ave,-77.029417,38.987
32298,12168,32007,E Montgomery Ave & Maryland Ave,-77.151291,39.084125
32306,18423,32008,Cordell & Norfolk Ave,-77.098029,38.98954
32315,6615,32009,Frederick Ave & Horners Ln,-77.145213,39.094772
32322,12171,32010,Philadelphia & Maple Ave,-77.011336,38.98128
32329,25603,32011,Maple & Ritchie Ave,-77.006311,38.983627
32338,12173,32012,Silver Spring Metro/Colesville Rd & Wayne Ave,-77.02918,38.99521
32347,25605,32013,Montgomery & East Ln,-77.095367,38.983525
32354,25606,32014,Friendship Hts Metro/Wisconsin Ave & Wisconsin Cir,-77.085998,38.961763
32363,6621,32015,Crabbs Branch Way & Redland Rd,-77.156985,39.120045
32368,25608,32016,Fallsgrove Dr & W Montgomery Ave,-77.188014,39.099376
32377,12178,32017,Monroe St & Monroe Pl,-77.148827,39.082779
32386,6624,32018,Needwood Rd & Eagles Head Ct,-77.15741,39.123513
32395,18433,32019,East West Hwy & Blair Mill Rd,-77.02935,38.990249
32404,12181,32020,Crabbs Branch Way & Calhoun Pl,-77.152072,39.107709
32409,38943,32021,47th & Elm St,-77.092,38.9825
32418,25614,32022,Garland Ave & Walden Rd,-77.00149,39.000578
32427,18437,32023,Montgomery College/W Campus Dr & Mannakee St,-77.159048,39.095661
32436,12185,32024,Fenton St & Gist Ave,-77.023854,38.989724
32445,6631,32025,Carroll & Westmoreland Ave,-77.01121,38.975
32454,25618,32026,Carroll & Ethan Allen Ave,-77.006472,38.977933
32463,12188,32027,Battery Ln & Trolley Trail,-77.100104,38.992375
32472,6634,32028,Norfolk & Rugby Ave,-77.100239,38.990639
32481,25621,32029,Offutt Ln & Chevy Chase Dr,-77.094589,38.977093
32490,12191,32030,Broschart & Blackwell Rd,-77.200322,39.102099
32495,18445,32031,Taft St & E Gude Dr,-77.132954,39.094103
32499,6638,32032,Fleet St & Ritchie Pkwy,-77.141378,39.076331
32508,6639,32033,Piccard & W Gude Dr,-77.177091,39.102212
32516,25625,32034,Ripley & Bonifant St,-77.029457,38.992679
32525,12196,32035,Georgia Ave & Spring St,-77.031555,38.999388
32533,6642,32036,Fenton St & Ellsworth Dr,-77.025608,38.997033
32542,25628,32037,King Farm Blvd & Pleasant Dr,-77.171487,39.114688
32551,18452,32038,King Farm Blvd & Piccard Dr,-77.182669,39.110314
32560,12200,32039,Old Georgetown Rd & Southwick St,-77.109647,38.999634
32569,25631,32040,Friendship Blvd & Willard Ave,-77.088659,38.96115
32578,18455,32041,Medical Center Dr & Key West Ave,-77.196442,39.103091
32587,18456,32042,Shady Grove Hospital,-77.196636,39.097636
32594,6649,32043,Veterans Pl & Pershing Dr,-77.023894,38.997445
32603,18458,32044,Rockville Metro East,-77.145803,39.085394
32611,25636,32045,Shady Grove Metro West,-77.166093,39.119765
32620,25637,32046,River Rd & Landy Ln,-77.103381,38.964992
32629,25638,32047,Rockville Metro West,-77.146866,39.084379
32638,38969,32048,Bethesda Metro,-77.0945,38.9847
32647,25640,32049,Washington Adventist U / Flower Ave & Division St,-77.000035,38.986743
32656,6656,32050,Spring St & Second Ave,-77.034499,38.997653
32665,12212,32051,Connecticut Ave & Chevy Chase Lake Dr,-77.076986,38.994113
32674,25643,32052,Key West Ave & Siesta Key Way,-77.194774,39.105295
32682,25644,32053,Medical Center Metro,-77.097882,38.999378
32691,12215,32054,Lyttonsville Rd & Lyttonsville Pl,-77.051168,38.999679
32700,18469,32055,Woodmont Ave & Strathmore St,-77.093522,38.979875
32709,25647,32056,East West Hwy & 16th St,-77.038721,38.995681
32718,12218,32057,Pooks Hill Rd & Linden Ave,-77.107143,39.014716
32727,18472,32058,Sligo Ave & Carroll Ln,-77.016311,38.990874
32736,18473,32059,Takoma Park Rec Center,-76.988311,38.98265
32745,6666,32061,New Hampshire & Kirklynn Ave,-76.988422,38.988101
32754,6667,32062,Wheaton Metro/Georgia Ave & Reedie Dr,-77.051023,39.038341
32763,12223,32063,Amherst Ave & Elkins St,-77.047788,39.044887
32772,18477,32064,Amherst Ave & Prichard Rd,-77.048395,39.035965
32781,6670,32065,Grandview & Blueridge Ave,-77.053085,39.043272
32790,6671,32066,Windham Ln & Amherst Ave,-77.04735,39.032029
32799,18480,32067,Shady Grove Metro East,-77.164969,39.121327
32808,12228,32068,Columbus Ave & Tribeca St,-77.1673,39.126
32817,6674,32069,Columbus Ave & Gramercy Blvd,-77.16486,39.12333
32826,6675,32070,Key West Ave & Great Seneca Hwy,-77.20386,39.105642
32834,18484,32071,-,-77.192645,39.106971
32841,12232,32072,-,-77.202354,39.106152
32848,18486,32073,-,-77.05006,39.04313
32856,18487,32074,-,-77.120776,39.062041
32864,12235,32075,-,-77.11287,39.04753
32872,12236,32076,-,-77.10933,39.049
32880,18490,32077,-,-77.11368,39.049765
32888,25668,32078,-,-77.1135,39.04317
32896,25669,32079,-,-77.1257,39.04873
32904,12240,32080,-,-77.113454,39.0629
32912,18494,32081,-,-77.129235,39.06219
32920,25672,32082,-,-77.00077,39.00048
32928,18496,32083,-,-77.1176,39.0510352
32936,41549,32084,Wheaton Library & Community Rec Center,-77.0511,39.0473
32940,31977,32085,The Shoppes @ Burnt Mills,-77.0041,39.0313
32944,54748,32086,Briggs Chaney & Castle Dr,-76.945495,39.081638
32949,54709,32087,White Oak Rec Center,-76.9757228,39.0461435
32954,41564,32088,Briggs Chaney Park & Ride,-76.9419,39.0779
32959,41567,32089,New Hampshire & Lockwood,-76.9918,39.0391
32964,46478,32090,Stewart & April,-76.9811552,39.0449444
32969,31983,32091,Stewart Ln & Old Columbia Pike,-76.9854,39.0457
32974,54827,32092,Castle Blvd & Castle Ln,-76.940547,39.085314
32979,55364,32093,White Oak Transit Center,-76.987125,39.04104
32984,31986,32094,Oak Leaf & Lockwood,-76.9945,39.038
32989,12244,32200,Spring Hill Metro,-77.240654,38.929261
32998,12245,32201,Westpark Dr & Leesburg Pike,-77.235955,38.92403
33007,25676,32203,Tysons One Pl & Chain Bridge Rd,-77.221179,38.919475
33016,12247,32204,Tysons Corner Station,-77.222115,38.920939
33025,25678,32205,Westpark & Jones Branch Dr,-77.217664,38.924437
33034,25679,32206,Jones Branch & Westbranch Dr,-77.219261,38.931911
33043,12250,32207,Westpark & Park Run Dr,-77.225394,38.928919
33052,12251,32208,Tysons West Transit Center,-77.231825,38.932636
33060,12252,32209,North Shore & Cameron Crescent Dr/Crescent Apartments,-77.338686,38.970046
33069,6685,32210,Town Center Pkwy & Bowman Towne Dr,-77.361902,38.962524
33078,6686,32211,Reston Regional Library,-77.358815,38.962095
33087,25685,32212,New Dominion Pkwy & Fountain Dr,-77.356324,38.960574
33096,6688,32213,Sunset Hills & Old Reston Ave,-77.351649,38.955079
33105,18510,32214,Reston Town Center Transit Station,-77.359718,38.957037
33114,18511,32215,Reston Station,-77.338119,38.948363
33123,18512,32216,Library St & Freedom Dr,-77.358741,38.959633
33132,6692,32217,Sunset Hills Rd & Discovery Square,-77.357611,38.95534
33141,12261,32218,Temporary Rd & Old Reston Ave,-77.353414,38.960084
33150,63386,32219,Reston YMCA,-77.368416,38.955314
33159,18516,32220,Sunset Hills Rd & Isaac Newton Square,-77.340377,38.951443
33168,12264,32221,Greensboro & International Dr,-77.227417,38.923083
33177,25695,32222,Towers Crescent Dr & Tysons One Pl,-77.220157,38.915246
33185,18519,32223,North Shore Dr & Village Rd,-77.340787,38.970412
33194,6699,32224,Town Center Pkwy & Sunset Hills Rd,-77.36309409,38.9551706
33203,12268,32225,Reston Pkwy & Spectrum Dr,-77.35428035,38.96420774
33212,18522,32227,-,-77.23034,38.92245
33220,25700,32228,-,-77.335425,38.944707
33227,25701,32229,-,-77.226644,38.92755
33234,25702,32230,-,-77.2079055,38.92378088
33241,18526,32231,-,-77.2283,38.8828
33248,25704,32232,-,-77.1887,38.9001
33255,18528,32233,-,-77.215624,38.928502
33262,18529,32234,-,-77.230681,38.879355
33269,25707,32235,-,-77.22997,38.870093
33276,41573,32236,Vy Reston Heights,-77.3553,38.949
33283,63402,32237,Baron Cameron Ave & North Hampton Ave,-77.359341,38.966344
33284,54973,32238,Ridge Heights Rd & Seahawks Dr,-77.337775,38.936061
33287,54664,32239,Becontree Ln & Goldenrain Ct,-77.329282,38.966848
33290,42893,32240,Ring Rd & North Shore Dr,-77.326761,38.970807
33294,63405,32241,Reston Pkwy & Bennington Woods Rd,-77.351837,38.973625
33295,54690,32242,Inlet Ct & Wiehle Dr,-77.334359,38.965979
33298,54676,32243,Reston Town Center Metro North,-77.359717,38.953691
33301,42889,32244,Vantage Hill Rd & Wainwright Dr,-77.348487,38.9667
33304,54802,32245,Links Dr & Wedge Dr,-77.339295,38.959025
33306,42887,32246,Golf Course Sq and Golf Course Dr,-77.353552,38.944013
33309,42886,32247,South Lakes Dr and Reston Pkwy,-77.362304,38.94335
33312,42885,32248,Olde Crafts Dr and Cartwright Pl,-77.354067,38.938797
33315,54966,32249,Green Range Dr and Glade Dr,-77.36786842,38.93714619
33318,55050,32250,South Gate Community Center,-77.366499,38.941496
33321,42882,32251,Lake Newport Rd and Autumn Ridge Cir,-77.35345423,38.97850255
33326,63415,32252,Ridge Heights and Owl Cove Ln,-77.331653,38.933923
33327,54681,32253,Soapstone Dr Convenience Center,-77.345874,38.93051
33330,42879,32255,Hartland Rd & Harte Pl,-77.222808,38.878601
33333,42878,32256,North Village and Park Garden,-77.341823,38.983199
33336,54636,32258,Reston Town Center Metro South,-77.361466,38.9523
33338,54657,32259,N Shore Dr & Wainwright Dr,-77.349764,38.963782
33340,54895,32260,Vienna Metro South,-77.270731,38.877415
33342,54646,32261,Vaden Dr & Royal Victoria Dr/Providence Community Center,-77.272999,38.873261
33344,54887,32262,District Ave & Strawberry Ln/Mosaic Market Garage,-77.230632,38.872642
33346,54911,32263,Gatehouse Rd & Telestar Ct,-77.225262,38.868536
33348,55378,32264,Pimmit Dr & Idyl Ln,-77.207261,38.897692
33350,55379,32265,Pimmit Dr & Los Pueblos Ln,-77.205428,38.900371
33352,55380,32266,Emma Lee St & Morris St,-77.209421,38.877818
33354,55381,32267,Route 29 & Bisvey Dr,-77.195847,38.876912
33356,55382,32268,Arlington Blvd & Allen St,-77.199799,38.866315
33358,55383,32269,Jones Branch Dr & Blyton St,-77.217376,38.926973
33360,55384,32270,Westbranch Dr & Jones Branch Dr,-77.220729,38.931089
33362,55385,32271,Madron Ln & Bermudez Ct,-77.221807,38.904415
33364,55386,32272,Madrillon Rd & Boss St,-77.226266,38.910016
33366,67362,32274,Beech Dr at Draper Dr Park,-77.282077,38.866659
33367,67379,32275,Fairfax Blvd & Pickett Rd South,-77.271483,38.86476
33368,68456,32276,Fairfax Blvd & Pickett Rd North,-77.271911,38.865091
33369,67366,32277,Layton Hall Dr & University Dr,-77.302732,38.850932
33370,68437,32278,Blenheim Blvd & North St,-77.303349,38.846972
33371,67376,32279,George Mason Blvd & Armstrong St,-77.30718,38.841099
33372,67368,32280,University Dr & Democracy Ln,-77.304435,38.849411
33373,68449,32281,Fair Woods Pkwy & Fairfax Blvd,-77.293922,38.862804
33374,68458,32282,School St & George Mason Blvd,-77.30938,38.837382
33375,68460,32283,South St & University Dr,-77.305336,38.844249
33376,68443,32288,Seatrend Way & Topsails Ln,-77.160014,38.775639
33377,68433,32289,Franconia-Springfield Metro North,-77.168902,38.766946
33378,67377,32290,Charles Arrington Dr & Manchester Lakes Dr,-77.150359,38.766844
33379,67367,32293,GMU/Patriot Cir & York Dr,-77.30415743,38.82750119
33380,68455,32294,GMU/Rappahannock River Ln,-77.30705654,38.8348001
33381,68457,32295,GMU/Horizon Hall & Harris Theater,-77.308069,38.831211
33382,68462,32296,Metro Park Dr & Walker Ln,-77.156504,38.76843
33383,68442,32297,Hilltop Rd & Willowmere Dr,-77.241518,38.876903
33384,68450,32298,Chain Bridge Rd & Anderson Rd,-77.204762,38.925572
33385,25708,32400,-,-76.843263,38.908391
33393,18532,32401,-,-76.844604,38.899811
33401,12272,32402,-,-76.937349,38.969581
33409,25711,32403,-,-76.940133,38.95548
33417,25712,32404,-,-76.960054,38.936213
33425,18536,32405,-,-76.825535,38.88994
33432,25714,32406,-,-77.016059,38.782633
33439,25715,32407,-,-77.00103,38.798749
33446,18539,32408,-,-76.946361,38.959361
33456,46385,32409,Southern Ave Metro,-76.9753,38.840107
33459,18540,32410,-,-76.9595,38.9546
33465,18541,32411,-,-76.952199,38.975505
33472,18542,32412,-,-76.995227,38.974205
33479,18543,32413,-,-76.955047,38.939271
33486,18544,32414,-,-76.9807,38.9725
33493,25722,32415,-,-77.0026,38.7968
33500,18546,32416,-,-76.995922,38.961737
33507,25724,32417,-,-76.9493,38.9698
33514,46419,32418,West Hyattsville Metro,-76.968084,38.955349
33519,54829,32419,Capitol Heights Metro,-76.913188,38.888524
33524,46420,32420,Prince George's Plaza Metro,-76.954803,38.965742
33529,32023,32421,Riverdale Park Town Center,-76.9356,38.9621
33534,46421,32422,The Mall at Prince Georges,-76.954171,38.968842
33543,63457,32423,National Harbor Carousel,-77.0167,38.7859
33545,46402,32424,Roosevelt Center & Crescent Rd,-76.878005,39.00031
33548,55371,32425,Crescent Rd & Ridge Rd,-76.891247,39.006191
33552,55372,32426,Greenbelt Station Parkway,-76.916243,39.002459
33556,18548,32600,-,-77.190275,38.895172
33563,25726,32601,-,-77.170032,38.882746
33570,18550,32602,-,-77.179832,38.88837
33577,18551,32603,-,-77.176992,38.887403
33586,39059,32604,-,-77.1719,38.8806
33592,25730,32605,-,-77.173438,38.883601
33598,25731,32606,-,-77.153953,38.878085
33609,54694,32607,S Maple Ave & S Washington St,-77.178408,38.87972
33613,18556,32608,-,-77.173605,38.885434
33622,32079,32609,-,-77.1669,38.8856
33626,55012,33200,17th St & New York Ave NW,-77.039778,38.896604